{
  "fold_0": {
    "mae_per_target": [
      0.2604278878483413,
      0.18818407855072714
    ],
    "r2_per_target": [
      0.04053465027674985,
      0.3477766406731889
    ],
    "mae_mean": 0.2243059831995342,
    "r2_mean": 0.19415564547496938
  },
  "fold_1": {
    "mae_per_target": [
      0.233847084982174,
      0.19340442247167308
    ],
    "r2_per_target": [
      0.06127899338813236,
      0.3352835439015116
    ],
    "mae_mean": 0.21362575372692355,
    "r2_mean": 0.19828126864482198
  },
  "fold_2": {
    "mae_per_target": [
      0.24576872230690472,
      0.19387097291971714
    ],
    "r2_per_target": [
      0.03136910692998318,
      0.33071159917829496
    ],
    "mae_mean": 0.21981984761331091,
    "r2_mean": 0.18104035305413907
  },
  "fold_3": {
    "mae_per_target": [
      0.2155103346335299,
      0.177945178224365
    ],
    "r2_per_target": [
      0.3018243549168761,
      0.419244936871633
    ],
    "mae_mean": 0.19672775642894746,
    "r2_mean": 0.36053464589425455
  },
  "fold_4": {
    "mae_per_target": [
      0.22604319599706038,
      0.181124160994415
    ],
    "r2_per_target": [
      0.2255928495413253,
      0.40251738697468165
    ],
    "mae_mean": 0.2035836784957377,
    "r2_mean": 0.3140551182580035
  }
}